ProductCategoryName,average_lead_time
Accessories,5.008847591900196
Bikes,5.004896845147306
Clothing,5.005452222064461
Components,5.006112628430225
